[{"fields": {"model": "logentry", "name": "log entry", "app_label": "admin"}, "model": "contenttypes.contenttype", "pk": 1}, {"fields": {"model": "permission", "name": "permission", "app_label": "auth"}, "model": "contenttypes.contenttype", "pk": 2}, {"fields": {"model": "group", "name": "group", "app_label": "auth"}, "model": "contenttypes.contenttype", "pk": 3}, {"fields": {"model": "user", "name": "user", "app_label": "auth"}, "model": "contenttypes.contenttype", "pk": 4}, {"fields": {"model": "contenttype", "name": "content type", "app_label": "contenttypes"}, "model": "contenttypes.contenttype", "pk": 5}, {"fields": {"model": "session", "name": "session", "app_label": "sessions"}, "model": "contenttypes.contenttype", "pk": 6}, {"fields": {"model": "profile", "name": "profile", "app_label": "profiles"}, "model": "contenttypes.contenttype", "pk": 7}, {"fields": {"model": "department", "name": "department", "app_label": "profiles"}, "model": "contenttypes.contenttype", "pk": 8}, {"fields": {"model": "duties", "name": "duties", "app_label": "profiles"}, "model": "contenttypes.contenttype", "pk": 9}, {"fields": {"model": "company", "name": "company", "app_label": "profiles"}, "model": "contenttypes.contenttype", "pk": 10}, {"fields": {"model": "attendance_data", "name": "attendance_data", "app_label": "profiles"}, "model": "contenttypes.contenttype", "pk": 11}, {"fields": {"model": "attendance_standard", "name": "attendance_standard", "app_label": "profiles"}, "model": "contenttypes.contenttype", "pk": 12}, {"fields": {"model": "attendance", "name": "attendance", "app_label": "profiles"}, "model": "contenttypes.contenttype", "pk": 13}, {"fields": {"model": "salary_standard", "name": "salary_standard", "app_label": "profiles"}, "model": "contenttypes.contenttype", "pk": 14}, {"fields": {"model": "salary_cs", "name": "salary_cs", "app_label": "profiles"}, "model": "contenttypes.contenttype", "pk": 15}, {"fields": {"expire_date": "2017-04-20T10:28:40Z", "session_data": "ZjBhMmVlNzU2ZTVjNzBjOWZhMWU4ZDZjMWZlOThkMjljZWIxMTAyODp7fQ=="}, "model": "sessions.session", "pk": "aepnlz6cz4kv7tptb8qpsli4dfuwchss"}, {"fields": {"expire_date": "2017-04-20T10:28:23Z", "session_data": "ZjBhMmVlNzU2ZTVjNzBjOWZhMWU4ZDZjMWZlOThkMjljZWIxMTAyODp7fQ=="}, "model": "sessions.session", "pk": "cgz0zyl7404vr11bzokr8tog9wo7wgig"}, {"fields": {"expire_date": "2017-04-20T10:31:06Z", "session_data": "ZjBhMmVlNzU2ZTVjNzBjOWZhMWU4ZDZjMWZlOThkMjljZWIxMTAyODp7fQ=="}, "model": "sessions.session", "pk": "ofbaoqxmaoutg9w4jrw5707edm08v4ai"}, {"fields": {"expire_date": "2017-04-20T10:31:21Z", "session_data": "NGZjMzA4Mjg2Y2JmMDk5Yzk3ZWVjZWQ3YTU0NGU1OTM5M2FmN2E0ODp7Il9hdXRoX3VzZXJfaGFzaCI6IjZiMDhhNmMzYzFlZjg5NGJmOWRlNjFhYWVlNzg5MTFhMDBjNmIxOWQiLCJfYXV0aF91c2VyX2JhY2tlbmQiOiJkamFuZ28uY29udHJpYi5hdXRoLmJhY2tlbmRzLk1vZGVsQmFja2VuZCIsIl9hdXRoX3VzZXJfaWQiOjN9"}, "model": "sessions.session", "pk": "qc3ctdux1k05y3puvydq75f7jyc0vjo9"}, {"fields": {"expire_date": "2017-04-21T09:43:56Z", "session_data": "OTdhMmFjODhiN2U1N2YwNjU4N2NjN2JjNTVkMjk2ZmNjMTJmYmNiZjp7Il9hdXRoX3VzZXJfaGFzaCI6ImU4N2JkMDA4MDI2MjFkOWI0MDM2ZTkxNTI4M2E3NjFiODk4ZDI2N2YiLCJfYXV0aF91c2VyX2JhY2tlbmQiOiJkamFuZ28uY29udHJpYi5hdXRoLmJhY2tlbmRzLk1vZGVsQmFja2VuZCIsIl9hdXRoX3VzZXJfaWQiOjV9"}, "model": "sessions.session", "pk": "wniqvpjw8yt9x0bylz0pxbd70p6pbb2u"}, {"fields": {"department_comment": "\u6280\u672f\u4e0d\u9519\u54e6", "department_name": "\u6280\u672f\u90e8"}, "model": "profiles.department", "pk": 1}, {"fields": {"department_comment": "\u7ba1\u7406\u516c\u53f8\u4e0a\u5c42\u4e8b\u52a1", "department_name": "\u603b\u88c1\u529e"}, "model": "profiles.department", "pk": 2}, {"fields": {"department_comment": "\u7ba1\u7406\u516c\u53f8\u8d22\u52a1", "department_name": "\u8d22\u52a1\u90e8"}, "model": "profiles.department", "pk": 3}, {"fields": {"department_comment": "\u5904\u7406\u5ba2\u6237\u4e8b\u52a1", "department_name": "\u5ba2\u6237\u90e8"}, "model": "profiles.department", "pk": 4}, {"fields": {"department_comment": "\u516c\u53f8\u4ea7\u54c1\u8425\u9500", "department_name": "\u8425\u9500\u90e8"}, "model": "profiles.department", "pk": 5}, {"fields": {"department": 1, "salary_lev_id": "01", "duty_name": "\u6280\u672f\u7ef4\u62a4"}, "model": "profiles.duties", "pk": "0001"}, {"fields": {"department": 2, "salary_lev_id": "05", "duty_name": "\u603b\u88c1"}, "model": "profiles.duties", "pk": "0002"}, {"fields": {"department": 3, "salary_lev_id": "04", "duty_name": "\u8d22\u52a1\u603b\u76d1"}, "model": "profiles.duties", "pk": "0003"}, {"fields": {"department": 1, "salary_lev_id": "04", "duty_name": "\u6280\u672f\u603b\u76d1"}, "model": "profiles.duties", "pk": "0004"}, {"fields": {"department": 5, "salary_lev_id": "04", "duty_name": "\u8425\u9500\u603b\u76d1"}, "model": "profiles.duties", "pk": "0005"}, {"fields": {"department": 4, "salary_lev_id": "04", "duty_name": "\u5ba2\u6237\u603b\u76d1"}, "model": "profiles.duties", "pk": "0006"}, {"fields": {"company_loca": "\u5317\u4eac", "company_name": "\u5317\u4eac\u4e00\u53f7\u516c\u53f8"}, "model": "profiles.company", "pk": 1}, {"fields": {"company_loca": "\u5317\u4eac", "company_name": "\u5317\u4eac\u4e8c\u53f7\u516c\u53f8"}, "model": "profiles.company", "pk": 2}, {"fields": {"company_loca": "\u5317\u4eac", "company_name": "\u5317\u4eac\u4e09\u53f7\u516c\u53f8"}, "model": "profiles.company", "pk": 3}, {"fields": {"company_loca": "\u4e0a\u6d77", "company_name": "\u4e0a\u6d77\u4e00\u53f7\u516c\u53f8"}, "model": "profiles.company", "pk": 4}, {"fields": {"company_loca": "\u4e0a\u6d77", "company_name": "\u4e0a\u6d77\u4e8c\u53f7\u516c\u53f8"}, "model": "profiles.company", "pk": 5}, {"fields": {"company_loca": "\u5e7f\u4e1c", "company_name": "\u5e7f\u4e1c\u4e00\u53f7\u516c\u53f8"}, "model": "profiles.company", "pk": 6}, {"fields": {"company_loca": "\u5e7f\u4e1c", "company_name": "\u5e7f\u4e1c\u4e8c\u53f7\u516c\u53f8"}, "model": "profiles.company", "pk": 7}, {"fields": {"company_loca": "\u6df1\u5733", "company_name": "\u6df1\u5733\u5e02\u603b\u90e8"}, "model": "profiles.company", "pk": 8}, {"fields": {"company": 8, "regular_sign_in": "09:00:00", "regular_sign_out": "17:00:00"}, "model": "profiles.attendance_standard", "pk": 1}, {"fields": {"company": 1, "regular_sign_in": "09:00:00", "regular_sign_out": "18:00:00"}, "model": "profiles.attendance_standard", "pk": 2}, {"fields": {"company": 2, "regular_sign_in": "09:15:00", "regular_sign_out": "18:30:00"}, "model": "profiles.attendance_standard", "pk": 3}, {"fields": {"company": 4, "regular_sign_in": "09:00:00", "regular_sign_out": "18:00:00"}, "model": "profiles.attendance_standard", "pk": 4}, {"fields": {"attendance_standard": 1, "condition_status": "attend", "attendance_data": 2}, "model": "profiles.attendance", "pk": 1}, {"fields": {"salary_lev_name": "\u4e00\u7ea7\u85aa\u8d44", "bonus": "1000.00", "subsidy": "0.00", "housing_fund": "0.00", "social_security": "500.00", "basic_salary": "2500.00"}, "model": "profiles.salary_standard", "pk": "01"}, {"fields": {"salary_lev_name": "\u4e8c\u7ea7\u85aa\u8d44", "bonus": "1000.00", "subsidy": "1000.00", "housing_fund": "1000.00", "social_security": "1000.00", "basic_salary": "4000.00"}, "model": "profiles.salary_standard", "pk": "02"}, {"fields": {"salary_lev_name": "\u4e09\u7ea7\u85aa\u8d44", "bonus": "1000.00", "subsidy": "2000.00", "housing_fund": "1000.00", "social_security": "1000.00", "basic_salary": "6000.00"}, "model": "profiles.salary_standard", "pk": "03"}, {"fields": {"salary_lev_name": "\u56db\u7ea7\u85aa\u8d44", "bonus": "4000.00", "subsidy": "4000.00", "housing_fund": "4000.00", "social_security": "4000.00", "basic_salary": "8000.00"}, "model": "profiles.salary_standard", "pk": "04"}, {"fields": {"salary_lev_name": "\u4e94\u7ea7\u85aa\u8d44", "bonus": "5000.00", "subsidy": "5000.00", "housing_fund": "5000.00", "social_security": "5000.00", "basic_salary": "10000.00"}, "model": "profiles.salary_standard", "pk": "05"}, {"fields": {"codename": "add_logentry", "name": "Can add log entry", "content_type": 1}, "model": "auth.permission", "pk": 1}, {"fields": {"codename": "change_logentry", "name": "Can change log entry", "content_type": 1}, "model": "auth.permission", "pk": 2}, {"fields": {"codename": "delete_logentry", "name": "Can delete log entry", "content_type": 1}, "model": "auth.permission", "pk": 3}, {"fields": {"codename": "add_permission", "name": "Can add permission", "content_type": 2}, "model": "auth.permission", "pk": 4}, {"fields": {"codename": "change_permission", "name": "Can change permission", "content_type": 2}, "model": "auth.permission", "pk": 5}, {"fields": {"codename": "delete_permission", "name": "Can delete permission", "content_type": 2}, "model": "auth.permission", "pk": 6}, {"fields": {"codename": "add_group", "name": "Can add group", "content_type": 3}, "model": "auth.permission", "pk": 7}, {"fields": {"codename": "change_group", "name": "Can change group", "content_type": 3}, "model": "auth.permission", "pk": 8}, {"fields": {"codename": "delete_group", "name": "Can delete group", "content_type": 3}, "model": "auth.permission", "pk": 9}, {"fields": {"codename": "add_user", "name": "Can add user", "content_type": 4}, "model": "auth.permission", "pk": 10}, {"fields": {"codename": "change_user", "name": "Can change user", "content_type": 4}, "model": "auth.permission", "pk": 11}, {"fields": {"codename": "delete_user", "name": "Can delete user", "content_type": 4}, "model": "auth.permission", "pk": 12}, {"fields": {"codename": "add_contenttype", "name": "Can add content type", "content_type": 5}, "model": "auth.permission", "pk": 13}, {"fields": {"codename": "change_contenttype", "name": "Can change content type", "content_type": 5}, "model": "auth.permission", "pk": 14}, {"fields": {"codename": "delete_contenttype", "name": "Can delete content type", "content_type": 5}, "model": "auth.permission", "pk": 15}, {"fields": {"codename": "add_session", "name": "Can add session", "content_type": 6}, "model": "auth.permission", "pk": 16}, {"fields": {"codename": "change_session", "name": "Can change session", "content_type": 6}, "model": "auth.permission", "pk": 17}, {"fields": {"codename": "delete_session", "name": "Can delete session", "content_type": 6}, "model": "auth.permission", "pk": 18}, {"fields": {"codename": "add_profile", "name": "Can add profile", "content_type": 7}, "model": "auth.permission", "pk": 19}, {"fields": {"codename": "change_profile", "name": "Can change profile", "content_type": 7}, "model": "auth.permission", "pk": 20}, {"fields": {"codename": "delete_profile", "name": "Can delete profile", "content_type": 7}, "model": "auth.permission", "pk": 21}, {"fields": {"codename": "add_department", "name": "Can add department", "content_type": 8}, "model": "auth.permission", "pk": 22}, {"fields": {"codename": "change_department", "name": "Can change department", "content_type": 8}, "model": "auth.permission", "pk": 23}, {"fields": {"codename": "delete_department", "name": "Can delete department", "content_type": 8}, "model": "auth.permission", "pk": 24}, {"fields": {"codename": "add_duties", "name": "Can add duties", "content_type": 9}, "model": "auth.permission", "pk": 25}, {"fields": {"codename": "change_duties", "name": "Can change duties", "content_type": 9}, "model": "auth.permission", "pk": 26}, {"fields": {"codename": "delete_duties", "name": "Can delete duties", "content_type": 9}, "model": "auth.permission", "pk": 27}, {"fields": {"codename": "add_company", "name": "Can add company", "content_type": 10}, "model": "auth.permission", "pk": 28}, {"fields": {"codename": "change_company", "name": "Can change company", "content_type": 10}, "model": "auth.permission", "pk": 29}, {"fields": {"codename": "delete_company", "name": "Can delete company", "content_type": 10}, "model": "auth.permission", "pk": 30}, {"fields": {"codename": "add_attendance_data", "name": "Can add attendance_data", "content_type": 11}, "model": "auth.permission", "pk": 31}, {"fields": {"codename": "change_attendance_data", "name": "Can change attendance_data", "content_type": 11}, "model": "auth.permission", "pk": 32}, {"fields": {"codename": "delete_attendance_data", "name": "Can delete attendance_data", "content_type": 11}, "model": "auth.permission", "pk": 33}, {"fields": {"codename": "add_attendance_standard", "name": "Can add attendance_standard", "content_type": 12}, "model": "auth.permission", "pk": 34}, {"fields": {"codename": "change_attendance_standard", "name": "Can change attendance_standard", "content_type": 12}, "model": "auth.permission", "pk": 35}, {"fields": {"codename": "delete_attendance_standard", "name": "Can delete attendance_standard", "content_type": 12}, "model": "auth.permission", "pk": 36}, {"fields": {"codename": "add_attendance", "name": "Can add attendance", "content_type": 13}, "model": "auth.permission", "pk": 37}, {"fields": {"codename": "change_attendance", "name": "Can change attendance", "content_type": 13}, "model": "auth.permission", "pk": 38}, {"fields": {"codename": "delete_attendance", "name": "Can delete attendance", "content_type": 13}, "model": "auth.permission", "pk": 39}, {"fields": {"codename": "add_salary_standard", "name": "Can add salary_standard", "content_type": 14}, "model": "auth.permission", "pk": 40}, {"fields": {"codename": "change_salary_standard", "name": "Can change salary_standard", "content_type": 14}, "model": "auth.permission", "pk": 41}, {"fields": {"codename": "delete_salary_standard", "name": "Can delete salary_standard", "content_type": 14}, "model": "auth.permission", "pk": 42}, {"fields": {"codename": "add_salary_cs", "name": "Can add salary_cs", "content_type": 15}, "model": "auth.permission", "pk": 43}, {"fields": {"codename": "change_salary_cs", "name": "Can change salary_cs", "content_type": 15}, "model": "auth.permission", "pk": 44}, {"fields": {"codename": "delete_salary_cs", "name": "Can delete salary_cs", "content_type": 15}, "model": "auth.permission", "pk": 45}, {"fields": {"username": "root", "first_name": "", "last_name": "", "is_active": true, "is_superuser": true, "is_staff": true, "last_login": "2017-04-07T04:05:24Z", "groups": [], "user_permissions": [], "password": "pbkdf2_sha256$12000$QHU4jdnYRqFS$hV//Ub5zvYBY1x6+gB0vAzzGzMs9yHX95Demjq4pMIA=", "email": "", "date_joined": "2017-04-06T10:30:44Z"}, "model": "auth.user", "pk": 3}, {"fields": {"username": "u1", "first_name": "", "last_name": "", "is_active": true, "is_superuser": false, "is_staff": false, "last_login": "2017-04-07T04:04:42Z", "groups": [], "user_permissions": [], "password": "pbkdf2_sha256$12000$XKsvsWbmDQ0d$ez+LXX/23nr+fYcg20sPv6t+/TpFr+HOfO/LUHA4k5U=", "email": "", "date_joined": "2017-04-06T10:46:21Z"}, "model": "auth.user", "pk": 4}, {"fields": {"username": "u2", "first_name": "", "last_name": "", "is_active": true, "is_superuser": false, "is_staff": false, "last_login": "2017-04-07T09:43:56Z", "groups": [], "user_permissions": [], "password": "pbkdf2_sha256$12000$hFTVFcioOO6k$rCNJeRryXpNSOpPLfM5CQkZlxAowIHyGGSkUFcRvIQg=", "email": "", "date_joined": "2017-04-06T11:06:35Z"}, "model": "auth.user", "pk": 5}, {"fields": {"username": "u3", "first_name": "", "last_name": "", "is_active": true, "is_superuser": false, "is_staff": false, "last_login": "2017-04-07T04:04:57Z", "groups": [], "user_permissions": [], "password": "pbkdf2_sha256$12000$DKjpRsRl6muC$+75K5vCCAc4HIT8rSLHM74ri7OYZxc9i7kOL9fy7eyo=", "email": "", "date_joined": "2017-04-06T11:09:54Z"}, "model": "auth.user", "pk": 6}, {"fields": {"duty": "0001", "status": "Z", "education": "\u963f\u65af\u8fbe", "name": "\u718a\u5927", "graduation_date": "2017-04-06", "company": 6, "address": "\u963f\u65af\u8fbe", "political": "\u515a\u5458", "telephone": "15645646", "nation": "rfsdf", "birth_place": "qwerw", "user": 3, "birth": "2017-04-06", "graduation_school": "46468", "department": 1, "identification_num": "6546464646", "sex": "M", "email": "54699@aq.com"}, "model": "profiles.profile", "pk": 3}, {"fields": {"duty": "0002", "status": "Z", "education": "\u7855\u58eb", "name": "\u4e60\u5927\u5927", "graduation_date": "2010-10-18", "company": 8, "address": "\u5317\u4eac\u5e02\u80dc\u5229\u8def12\u53f7", "political": "\u515a\u5458", "telephone": "13684847182", "nation": "\u4e2d\u56fd", "birth_place": "\u5317\u4eac", "user": 4, "birth": "1990-12-05", "graduation_school": "\u6e05\u534e\u5927\u5b66", "department": 2, "identification_num": "15231515485461", "sex": "M", "email": "6464823@sina.com"}, "model": "profiles.profile", "pk": 4}, {"fields": {"duty": "0003", "status": "Z", "education": "\u5927\u5b66\u672c\u79d1", "name": "\u9648\u4e00", "graduation_date": "2013-07-15", "company": 8, "address": "\u5357\u4eac\u5e02\u5e02\u533a\u5efa\u8bbe\u4e8c\u8def21\u53f7", "political": "\u56e2\u5458", "telephone": "15416846416", "nation": "\u4e2d\u56fd", "birth_place": "\u5357\u4eac", "user": 5, "birth": "1991-10-10", "graduation_school": "\u5317\u4eac\u5927\u5b66", "department": 3, "identification_num": "15646546156465", "sex": "F", "email": "649648@sina.com"}, "model": "profiles.profile", "pk": 5}, {"fields": {"duty": "0004", "status": "Z", "education": "\u7855\u58eb", "name": "\u674e\u4e8c", "graduation_date": "2014-07-10", "company": 8, "address": "\u5e7f\u4e1c\u7701\u6df1\u5733\u5e02\u5357\u5c71\u533a\u4e2d\u57ce12\u53f7", "political": "\u515a\u5458", "telephone": "16541651516", "nation": "\u4e2d\u56fd", "birth_place": "\u5e7f\u4e1c\u6df1\u5733", "user": 6, "birth": "1990-10-15", "graduation_school": "\u5317\u4eac\u5927\u5b66", "department": 1, "identification_num": "515615646545646", "sex": "M", "email": "544564@sina.com"}, "model": "profiles.profile", "pk": 6}, {"fields": {"sign_in": "09:45:15", "sign_out": "18:05:00", "attendance_day": "2017-04-07", "user": 4}, "model": "profiles.attendance_data", "pk": 2}, {"fields": {"sign_in": "08:30:00", "sign_out": "18:50:00", "attendance_day": "2017-04-07", "user": 5}, "model": "profiles.attendance_data", "pk": 3}, {"fields": {"sign_in": "08:20:20", "sign_out": "17:37:12", "attendance_day": "2017-04-06", "user": 5}, "model": "profiles.attendance_data", "pk": 4}, {"fields": {"action_flag": 3, "action_time": "2017-04-06T10:31:35Z", "object_repr": "root", "object_id": "1", "change_message": "", "user": 3, "content_type": 4}, "model": "admin.logentry", "pk": 1}, {"fields": {"action_flag": 3, "action_time": "2017-04-06T10:31:35Z", "object_repr": "root1", "object_id": "2", "change_message": "", "user": 3, "content_type": 4}, "model": "admin.logentry", "pk": 2}, {"fields": {"action_flag": 2, "action_time": "2017-04-06T10:31:42Z", "object_repr": "root", "object_id": "3", "change_message": "\u5df2\u4fee\u6539 username \u3002", "user": 3, "content_type": 4}, "model": "admin.logentry", "pk": 3}, {"fields": {"action_flag": 1, "action_time": "2017-04-06T10:46:21Z", "object_repr": "u1", "object_id": "4", "change_message": "", "user": 3, "content_type": 4}, "model": "admin.logentry", "pk": 4}, {"fields": {"action_flag": 2, "action_time": "2017-04-06T10:46:44Z", "object_repr": "u1", "object_id": "4", "change_message": "\u6ca1\u6709\u5b57\u6bb5\u88ab\u4fee\u6539\u3002", "user": 3, "content_type": 4}, "model": "admin.logentry", "pk": 5}, {"fields": {"action_flag": 1, "action_time": "2017-04-06T11:06:35Z", "object_repr": "u2", "object_id": "5", "change_message": "", "user": 3, "content_type": 4}, "model": "admin.logentry", "pk": 6}, {"fields": {"action_flag": 1, "action_time": "2017-04-06T11:07:28Z", "object_repr": "23", "object_id": "3", "change_message": "", "user": 3, "content_type": 7}, "model": "admin.logentry", "pk": 7}, {"fields": {"action_flag": 1, "action_time": "2017-04-06T11:09:54Z", "object_repr": "u3", "object_id": "6", "change_message": "", "user": 3, "content_type": 4}, "model": "admin.logentry", "pk": 8}, {"fields": {"action_flag": 2, "action_time": "2017-04-06T11:09:56Z", "object_repr": "u3", "object_id": "6", "change_message": "\u6ca1\u6709\u5b57\u6bb5\u88ab\u4fee\u6539\u3002", "user": 3, "content_type": 4}, "model": "admin.logentry", "pk": 9}, {"fields": {"action_flag": 3, "action_time": "2017-04-07T01:42:33Z", "object_repr": "", "object_id": "2", "change_message": "", "user": 3, "content_type": 7}, "model": "admin.logentry", "pk": 10}, {"fields": {"action_flag": 3, "action_time": "2017-04-07T01:42:33Z", "object_repr": "", "object_id": "1", "change_message": "", "user": 3, "content_type": 7}, "model": "admin.logentry", "pk": 11}, {"fields": {"action_flag": 1, "action_time": "2017-04-07T01:43:39Z", "object_repr": "\u6280\u672f\u90e8", "object_id": "1", "change_message": "", "user": 3, "content_type": 8}, "model": "admin.logentry", "pk": 12}, {"fields": {"action_flag": 1, "action_time": "2017-04-07T01:44:21Z", "object_repr": "\u4e00\u7ea7\u85aa\u8d44", "object_id": "01", "change_message": "", "user": 3, "content_type": 14}, "model": "admin.logentry", "pk": 13}, {"fields": {"action_flag": 1, "action_time": "2017-04-07T01:44:23Z", "object_repr": "\u6280\u672f\u7ef4\u62a4", "object_id": "0001", "change_message": "", "user": 3, "content_type": 9}, "model": "admin.logentry", "pk": 14}, {"fields": {"action_flag": 2, "action_time": "2017-04-07T01:44:43Z", "object_repr": "\u718a\u5927", "object_id": "3", "change_message": "\u5df2\u4fee\u6539 name\uff0cduty \u548c department \u3002", "user": 3, "content_type": 7}, "model": "admin.logentry", "pk": 15}, {"fields": {"action_flag": 2, "action_time": "2017-04-07T01:44:46Z", "object_repr": "\u718a\u5927", "object_id": "3", "change_message": "\u6ca1\u6709\u5b57\u6bb5\u88ab\u4fee\u6539\u3002", "user": 3, "content_type": 7}, "model": "admin.logentry", "pk": 16}, {"fields": {"action_flag": 2, "action_time": "2017-04-07T01:45:45Z", "object_repr": "root", "object_id": "3", "change_message": "\u6ca1\u6709\u5b57\u6bb5\u88ab\u4fee\u6539\u3002", "user": 3, "content_type": 4}, "model": "admin.logentry", "pk": 17}, {"fields": {"action_flag": 2, "action_time": "2017-04-07T01:45:52Z", "object_repr": "\u718a\u5927", "object_id": "3", "change_message": "\u5df2\u4fee\u6539 user \u3002", "user": 3, "content_type": 7}, "model": "admin.logentry", "pk": 18}, {"fields": {"action_flag": 2, "action_time": "2017-04-07T01:45:55Z", "object_repr": "\u718a\u5927", "object_id": "3", "change_message": "\u6ca1\u6709\u5b57\u6bb5\u88ab\u4fee\u6539\u3002", "user": 3, "content_type": 7}, "model": "admin.logentry", "pk": 19}, {"fields": {"action_flag": 1, "action_time": "2017-04-07T03:30:33Z", "object_repr": "\u5317\u4eac\u4e00\u53f7\u516c\u53f8", "object_id": "1", "change_message": "", "user": 3, "content_type": 10}, "model": "admin.logentry", "pk": 20}, {"fields": {"action_flag": 1, "action_time": "2017-04-07T03:30:41Z", "object_repr": "\u5317\u4eac\u4e8c\u53f7\u516c\u53f8", "object_id": "2", "change_message": "", "user": 3, "content_type": 10}, "model": "admin.logentry", "pk": 21}, {"fields": {"action_flag": 1, "action_time": "2017-04-07T03:30:47Z", "object_repr": "\u5317\u4eac\u4e09\u53f7\u516c\u53f8", "object_id": "3", "change_message": "", "user": 3, "content_type": 10}, "model": "admin.logentry", "pk": 22}, {"fields": {"action_flag": 1, "action_time": "2017-04-07T03:30:58Z", "object_repr": "\u4e0a\u6d77\u4e00\u53f7\u516c\u53f8", "object_id": "4", "change_message": "", "user": 3, "content_type": 10}, "model": "admin.logentry", "pk": 23}, {"fields": {"action_flag": 1, "action_time": "2017-04-07T03:31:09Z", "object_repr": "\u4e0a\u6d77\u4e8c\u53f7\u516c\u53f8", "object_id": "5", "change_message": "", "user": 3, "content_type": 10}, "model": "admin.logentry", "pk": 24}, {"fields": {"action_flag": 1, "action_time": "2017-04-07T03:31:15Z", "object_repr": "\u5e7f\u4e1c\u4e00\u53f7\u516c\u53f8", "object_id": "6", "change_message": "", "user": 3, "content_type": 10}, "model": "admin.logentry", "pk": 25}, {"fields": {"action_flag": 1, "action_time": "2017-04-07T03:31:21Z", "object_repr": "\u5e7f\u4e1c\u4e8c\u53f7\u516c\u53f8", "object_id": "7", "change_message": "", "user": 3, "content_type": 10}, "model": "admin.logentry", "pk": 26}, {"fields": {"action_flag": 1, "action_time": "2017-04-07T03:31:58Z", "object_repr": "\u603b\u88c1\u529e", "object_id": "2", "change_message": "", "user": 3, "content_type": 8}, "model": "admin.logentry", "pk": 27}, {"fields": {"action_flag": 1, "action_time": "2017-04-07T03:32:07Z", "object_repr": "\u8d22\u52a1\u90e8", "object_id": "3", "change_message": "", "user": 3, "content_type": 8}, "model": "admin.logentry", "pk": 28}, {"fields": {"action_flag": 1, "action_time": "2017-04-07T03:33:00Z", "object_repr": "\u5ba2\u6237\u90e8", "object_id": "4", "change_message": "", "user": 3, "content_type": 8}, "model": "admin.logentry", "pk": 29}, {"fields": {"action_flag": 1, "action_time": "2017-04-07T03:35:30Z", "object_repr": "\u8425\u9500\u90e8", "object_id": "5", "change_message": "", "user": 3, "content_type": 8}, "model": "admin.logentry", "pk": 30}, {"fields": {"action_flag": 1, "action_time": "2017-04-07T03:36:35Z", "object_repr": "\u4e8c\u7ea7\u85aa\u8d44", "object_id": "02", "change_message": "", "user": 3, "content_type": 14}, "model": "admin.logentry", "pk": 31}, {"fields": {"action_flag": 1, "action_time": "2017-04-07T03:36:58Z", "object_repr": "\u4e09\u7ea7\u85aa\u8d44", "object_id": "03", "change_message": "", "user": 3, "content_type": 14}, "model": "admin.logentry", "pk": 32}, {"fields": {"action_flag": 1, "action_time": "2017-04-07T03:37:21Z", "object_repr": "\u56db\u7ea7\u85aa\u8d44", "object_id": "04", "change_message": "", "user": 3, "content_type": 14}, "model": "admin.logentry", "pk": 33}, {"fields": {"action_flag": 1, "action_time": "2017-04-07T03:37:36Z", "object_repr": "\u4e94\u7ea7\u85aa\u8d44", "object_id": "05", "change_message": "", "user": 3, "content_type": 14}, "model": "admin.logentry", "pk": 34}, {"fields": {"action_flag": 1, "action_time": "2017-04-07T03:38:23Z", "object_repr": "\u603b\u88c1", "object_id": "0002", "change_message": "", "user": 3, "content_type": 9}, "model": "admin.logentry", "pk": 35}, {"fields": {"action_flag": 1, "action_time": "2017-04-07T03:38:39Z", "object_repr": "\u8d22\u52a1\u603b\u76d1", "object_id": "0003", "change_message": "", "user": 3, "content_type": 9}, "model": "admin.logentry", "pk": 36}, {"fields": {"action_flag": 1, "action_time": "2017-04-07T03:38:54Z", "object_repr": "\u6280\u672f\u603b\u76d1", "object_id": "0004", "change_message": "", "user": 3, "content_type": 9}, "model": "admin.logentry", "pk": 37}, {"fields": {"action_flag": 1, "action_time": "2017-04-07T03:39:29Z", "object_repr": "\u8425\u9500\u603b\u76d1", "object_id": "0005", "change_message": "", "user": 3, "content_type": 9}, "model": "admin.logentry", "pk": 38}, {"fields": {"action_flag": 1, "action_time": "2017-04-07T03:39:46Z", "object_repr": "\u5ba2\u6237\u603b\u76d1", "object_id": "0006", "change_message": "", "user": 3, "content_type": 9}, "model": "admin.logentry", "pk": 39}, {"fields": {"action_flag": 1, "action_time": "2017-04-07T03:41:28Z", "object_repr": "\u6df1\u5733\u5e02\u6e23\u6253\u603b\u516c\u53f8", "object_id": "8", "change_message": "", "user": 3, "content_type": 10}, "model": "admin.logentry", "pk": 40}, {"fields": {"action_flag": 2, "action_time": "2017-04-07T03:42:07Z", "object_repr": "\u6df1\u5733\u5e02HRMS\u516c\u53f8", "object_id": "8", "change_message": "\u5df2\u4fee\u6539 company_name \u3002", "user": 3, "content_type": 10}, "model": "admin.logentry", "pk": 41}, {"fields": {"action_flag": 2, "action_time": "2017-04-07T03:42:27Z", "object_repr": "\u6df1\u5733\u5e02\u603b\u90e8", "object_id": "8", "change_message": "\u5df2\u4fee\u6539 company_name \u3002", "user": 3, "content_type": 10}, "model": "admin.logentry", "pk": 42}, {"fields": {"action_flag": 1, "action_time": "2017-04-07T03:43:16Z", "object_repr": "\u6df1\u5733\u5e02\u603b\u90e8", "object_id": "1", "change_message": "", "user": 3, "content_type": 12}, "model": "admin.logentry", "pk": 43}, {"fields": {"action_flag": 1, "action_time": "2017-04-07T03:43:36Z", "object_repr": "\u5317\u4eac\u4e00\u53f7\u516c\u53f8", "object_id": "2", "change_message": "", "user": 3, "content_type": 12}, "model": "admin.logentry", "pk": 44}, {"fields": {"action_flag": 1, "action_time": "2017-04-07T03:43:53Z", "object_repr": "\u5317\u4eac\u4e8c\u53f7\u516c\u53f8", "object_id": "3", "change_message": "", "user": 3, "content_type": 12}, "model": "admin.logentry", "pk": 45}, {"fields": {"action_flag": 1, "action_time": "2017-04-07T03:44:11Z", "object_repr": "\u4e0a\u6d77\u4e00\u53f7\u516c\u53f8", "object_id": "4", "change_message": "", "user": 3, "content_type": 12}, "model": "admin.logentry", "pk": 46}, {"fields": {"action_flag": 1, "action_time": "2017-04-07T03:48:54Z", "object_repr": "\u4e60\u5927\u5927", "object_id": "4", "change_message": "", "user": 3, "content_type": 7}, "model": "admin.logentry", "pk": 47}, {"fields": {"action_flag": 1, "action_time": "2017-04-07T03:50:47Z", "object_repr": "\u9648\u4e00", "object_id": "5", "change_message": "", "user": 3, "content_type": 7}, "model": "admin.logentry", "pk": 48}, {"fields": {"action_flag": 1, "action_time": "2017-04-07T03:52:28Z", "object_repr": "\u674e\u4e8c", "object_id": "6", "change_message": "", "user": 3, "content_type": 7}, "model": "admin.logentry", "pk": 49}, {"fields": {"action_flag": 2, "action_time": "2017-04-07T03:52:49Z", "object_repr": "\u4e60\u5927\u5927", "object_id": "4", "change_message": "\u5df2\u4fee\u6539 education \u3002", "user": 3, "content_type": 7}, "model": "admin.logentry", "pk": 50}, {"fields": {"action_flag": 1, "action_time": "2017-04-07T04:07:35Z", "object_repr": "2017-04-07 \u4e60\u5927\u5927 ", "object_id": "2", "change_message": "", "user": 3, "content_type": 11}, "model": "admin.logentry", "pk": 51}, {"fields": {"action_flag": 1, "action_time": "2017-04-07T04:08:20Z", "object_repr": "2017-04-07 \u9648\u4e00 ", "object_id": "3", "change_message": "", "user": 3, "content_type": 11}, "model": "admin.logentry", "pk": 52}, {"fields": {"action_flag": 2, "action_time": "2017-04-07T05:37:58Z", "object_repr": "\u674e\u4e8c", "object_id": "6", "change_message": "\u5df2\u4fee\u6539 company \u3002", "user": 3, "content_type": 7}, "model": "admin.logentry", "pk": 53}, {"fields": {"action_flag": 2, "action_time": "2017-04-07T05:38:03Z", "object_repr": "\u9648\u4e00", "object_id": "5", "change_message": "\u5df2\u4fee\u6539 company \u3002", "user": 3, "content_type": 7}, "model": "admin.logentry", "pk": 54}, {"fields": {"action_flag": 2, "action_time": "2017-04-07T05:38:07Z", "object_repr": "\u4e60\u5927\u5927", "object_id": "4", "change_message": "\u5df2\u4fee\u6539 company \u3002", "user": 3, "content_type": 7}, "model": "admin.logentry", "pk": 55}, {"fields": {"action_flag": 2, "action_time": "2017-04-07T05:38:13Z", "object_repr": "\u718a\u5927", "object_id": "3", "change_message": "\u5df2\u4fee\u6539 company \u3002", "user": 3, "content_type": 7}, "model": "admin.logentry", "pk": 56}, {"fields": {"action_flag": 2, "action_time": "2017-04-07T06:23:12Z", "object_repr": "2017-04-07 \u4e60\u5927\u5927 ", "object_id": "2", "change_message": "\u6ca1\u6709\u5b57\u6bb5\u88ab\u4fee\u6539\u3002", "user": 3, "content_type": 11}, "model": "admin.logentry", "pk": 57}, {"fields": {"action_flag": 1, "action_time": "2017-04-07T09:26:20Z", "object_repr": "2017-04-07 \u4e60\u5927\u5927 ", "object_id": "1", "change_message": "", "user": 3, "content_type": 13}, "model": "admin.logentry", "pk": 58}, {"fields": {"action_flag": 1, "action_time": "2017-04-07T09:37:53Z", "object_repr": "2017-04-06 \u9648\u4e00 ", "object_id": "4", "change_message": "", "user": 3, "content_type": 11}, "model": "admin.logentry", "pk": 59}]